{"drop_ratio": 0.0, "acc1": 80.376002421875, "time": 29.195634126663208, "throughput": 1712.584826316103, "flops": 4.607961984}
{"drop_ratio": 0.1, "acc1": 80.13800232421875, "time": 26.989468336105347, "throughput": 1852.574470061426, "flops": 4.113431424}
{"drop_ratio": 0.2, "acc1": 79.9480024609375, "time": 23.26258873939514, "throughput": 2149.3738534492986, "flops": 3.650456448}
{"drop_ratio": 0.3, "acc1": 79.41000267578124, "time": 20.98355484008789, "throughput": 2382.818372818215, "flops": 3.170302848}
{"drop_ratio": 0.4, "acc1": 78.6100023046875, "time": 18.06581425666809, "throughput": 2767.6582571718295, "flops": 2.697522048}
{"drop_ratio": 0.5, "acc1": 77.45800260742188, "time": 16.81757092475891, "throughput": 2973.0809653604465, "flops": 2.232114048}
{"drop_ratio": 0.6, "acc1": 75.7900021875, "time": 16.54799199104309, "throughput": 3021.5146361602924, "flops": 1.796805504}
{"drop_ratio": 0.7, "acc1": 72.89400236328125, "time": 16.355896472930908, "throughput": 3057.001496845511, "flops": 1.345774464}
{"drop_ratio": 0.8, "acc1": 66.8580021484375, "time": 16.072778940200806, "throughput": 3110.849728352907, "flops": 0.902116224}
