{"drop_ratio": 0.0, "acc1": 82.71600244628907, "time": 107.5436098575592, "throughput": 464.92767042341865, "flops": 15.516941184}
{"drop_ratio": 0.1, "acc1": 82.6640025, "time": 117.71223044395447, "throughput": 424.7646978688945, "flops": 13.696873344}
{"drop_ratio": 0.2, "acc1": 82.434002421875, "time": 93.71869707107544, "throughput": 533.5114716979093, "flops": 11.968596864}
{"drop_ratio": 0.3, "acc1": 82.11200239013672, "time": 79.51987600326538, "throughput": 628.7736162710668, "flops": 10.271470464}
{"drop_ratio": 0.4, "acc1": 81.73200237304688, "time": 64.8605420589447, "throughput": 770.8847076017408, "flops": 8.636349312}
{"drop_ratio": 0.5, "acc1": 81.02000246826172, "time": 52.32672595977783, "throughput": 955.5346542880148, "flops": 7.063233408}
{"drop_ratio": 0.6, "acc1": 79.94600251464844, "time": 51.90778112411499, "throughput": 963.2467217284176, "flops": 5.577651072}
{"drop_ratio": 0.7, "acc1": 78.0180024194336, "time": 52.72234392166138, "throughput": 948.3645126683588, "flops": 4.127476608}
{"drop_ratio": 0.8, "acc1": 73.85800200683593, "time": 51.484649419784546, "throughput": 971.1632605734706, "flops": 2.739307392}
{"drop_ratio": 0.8, "acc1": 73.85800200683593}
