{"drop_ratio": 0.0, "acc1": 80.06400287109375, "time": 31.405094146728516, "throughput": 1592.0983954511892, "flops": 4.608338304}
