{"drop_ratio": 0.0, "acc1": 83.442, "time": 45.98470187187195, "throughput": 1087.3181289576685}
{"drop_ratio": 0.1, "acc1": 83.268, "time": 47.66809320449829, "throughput": 1048.9196575474023}
{"drop_ratio": 0.2, "acc1": 82.78, "time": 43.80102181434631, "throughput": 1141.5258806501931}
{"drop_ratio": 0.3, "acc1": 82.316, "time": 39.93404698371887, "throughput": 1252.0644356527407}
{"drop_ratio": 0.4, "acc1": 81.412, "time": 34.074979066848755, "throughput": 1467.3523321000234}
{"drop_ratio": 0.5, "acc1": 80.188, "time": 28.91761016845703, "throughput": 1729.050212266136}
{"drop_ratio": 0.6, "acc1": 78.234, "time": 25.912931442260742, "throughput": 1929.5385437734099}
{"drop_ratio": 0.7, "acc1": 74.856, "time": 22.318381786346436, "throughput": 2240.305792716036}
{"drop_ratio": 0.8, "acc1": 68.74, "time": 18.814197540283203, "throughput": 2657.5675041651216}
