{"drop_ratio": 0.0, "acc1": 83.712, "time": 45.347524642944336, "throughput": 1102.596015850659}
{"drop_ratio": 0.1, "acc1": 83.312, "time": 47.203134059906006, "throughput": 1059.2517000363675}
{"drop_ratio": 0.2, "acc1": 82.672, "time": 43.04423975944519, "throughput": 1161.5956113855748}
{"drop_ratio": 0.3, "acc1": 81.532, "time": 38.53532576560974, "throughput": 1297.510764645507}
{"drop_ratio": 0.4, "acc1": 79.762, "time": 32.48901176452637, "throughput": 1538.9818675430836}
{"drop_ratio": 0.5, "acc1": 76.92, "time": 28.337280750274658, "throughput": 1764.4600567228165}
{"drop_ratio": 0.6, "acc1": 72.296, "time": 24.126895904541016, "throughput": 2072.3759988780535}
{"drop_ratio": 0.7, "acc1": 64.05, "time": 20.500563144683838, "throughput": 2438.957390932253}
{"drop_ratio": 0.8, "acc1": 48.946, "time": 17.142046213150024, "throughput": 2916.804643872909}
